,nama produk,merk,harga,kategori,warna
0,Cloud 6 Women's Sneakers - White,ON,1500000,Wanita,Putih
1,530 Unisex Sneakers - Silver,NEW BALANCE,1019400,Unisex,Abu-abu
2,530 Unisex Sneakers - Silver,NEW BALANCE,1189300,Unisex,Abu-abu
3,740 Unisex Sneakers - Beige,NEW BALANCE,949500,Unisex,Beige
4,740 Unisex Sneakers - Quartz Grey/ Mosaic Green,NEW BALANCE,949500,Unisex,Abu-abu
5,V5 Rnr Boys' Play School Sneakers - White/Black-Vast Grey-College Grey,Nike,545400,Anak Laki-Laki,Putih
6,V5 RNR Women's Sneakers - Particle Pink/Pale Ivory,Nike,1119200,Wanita,Pink
7,V5 RNR Women's Sneakers - White/White-Black,Nike,1119200,Wanita,Putih
8,530 Bungee Boys Sneakers - Silver,NEW BALANCE,999000,Anak Laki-Laki,Abu-abu
9,Samba OG Men's Sneakers - White,ADIDAS,900000,Pria,Putih
10,P-6000 Men's Sneakers - White/Black-Metallic Silver,Nike,1429000,Pria,Putih
11,Classic Unisex Clog - ATMosphere,CROCS,999000,Unisex,Abu-abu
12,Nike Air Max Plus Women's Sneakers - White,Nike,1000000,Wanita,Putih
13,Streetball EP Men's Basketball Shoes - LT WILD MANGO/FLASH LIME,Nike,700000,Pria,Pink
14,Vans Old Skool Unisex Sneakers - BLACK,VANS,1099000,Unisex,Hitam
15,Handball Spezial Kids Sneakers - Blue,ADIDAS,450000,Anak - Anak,Biru
16,SAMBA OG Kids' Pre-School Sneakers - Ftwr White,ADIDAS,850000,Anak - Anak,Putih
17,GT-2160 Men's Sneakers - Gravel/Carrier Grey,ASICS,800000,Pria,Abu-abu
18,Samba Og Kids' Play School Sneakers - Ftwr White/Powder Plum/Gum5,ADIDAS,595000,Anak - Anak,Putih
19,530 Bungee Boys Kids Sneakers - Beige,NEW BALANCE,659400,Anak Laki-Laki,Beige
20,GEL-1130 Women's Sneakers - White/Midnight,ASICS,1019400,Wanita,Putih
21,P-6000 Men's Sneakers - Black,Nike,1429000,Pria,Hitam
22,GEL-KINETIC Fluent Unisex Sneakers - White/White,ASICS,1959300,Unisex,Putih
23,1906 Boys Kids Sneakers - Silver,NEW BALANCE,799500,Anak Perempuan,Abu-abu
24,530 Boys Sneakers - White,NEW BALANCE,1099000,Anak Laki-Laki,Putih
25,Palermo Flat Unisex Sneakers - Bronze-Haute Tropic,PUMA,799500,Unisex,Coklat
26,530 Bungee Boys Infant Sneakers - Grey,NEW BALANCE,499500,Anak Laki-Laki,Abu-abu
27,Gazelle Indoor Women's Sneakers - Pink,ADIDAS,1540000,Wanita,Pink
28,Cloud 6 Women's Sneakers - Black,ON,1500000,Wanita,Hitam
29,Kobe IX Low EM Kids' Grade School Sneakers - Wolf Grey/White,Nike,995400,Anak - Anak,Abu-abu
30,Gel-Cumulus 16 Unisex Sneakers - White/White,ASICS,1099500,Unisex,Putih
31,Reactx Rejuven8 Kids' Grade School Sandals - Black/Black-Black,Nike,695200,Anak Laki-Laki,Hitam
32,Jordan Flight Court Boys' Grade School Basketball Shoes - Black/Gamma Blue,Nike,677400,Anak Laki-Laki,Hitam
33,Nike Dunk Low Women's Basketball Shoes - Photon Dust,Nike,1084300,Wanita,Putih
34,ON Cloudmonster Women's Running Shoes - All White,ON,2400000,Wanita,Putih
35,Ace Men Casual Shoes - White,ELLESSE,455400,Pria,Putih
36,Arthur Women Casual Shoes - Pink,ELLESSE,455400,Wanita,Pink
37,327 Boys Kids Sneakers - Black,NEW BALANCE,599500,Anak Laki-Laki,Hitam
38,Nike Air Force 1 '07 Men's Basketball Shoes - White,Nike,1084300,Pria,Putih
39,Dunk Low Retro Men's Basketball Shoes - White,Nike,700000,Pria,Putih
40,Cloudzone Men's Sneakers - Mulberry/Black,ON,1560000,Pria,Ungu
41,Classic Kids Clog - Pink Milk,CROCS,759000,Anak - Anak,Pink
42,TOTAL 90 Men's Sandal - Black/Coconut Milk,Nike,864500,Pria,Hitam
43,740 Boys Kids Sneakers - Black,NEW BALANCE,779400,Anak Laki-Laki,Hitam
44,740 Boys Kids Sneakers - Silver,NEW BALANCE,779400,Anak Laki-Laki,Abu-abu
45,GEL-NYC 2.0 Men's Sneakers - Graphite Grey/Black,ASICS,2399000,Pria,Abu-abu
46,Cloudtilt Women's Sneakers - Her | Dew,ON,2800000,Wanita,Netral
47,Cloudtilt Men's Sneakers - Olive | Desert,ON,2800000,Pria,Hijau
48,Cloudtilt Remix Women's Sneakers - Alloy / Ivory,ON,2700000,Wanita,Netral
49,Cloudtilt Women's Sneakers - Eclipse/ Lilac,ON,2800000,Wanita,Abu-abu
50,Cloudtilt Women's Sneakers - Arctic/ Ice,ON,2800000,Wanita,Biru
51,GEL-CUMULUS 16 Unisex Lifestyle Shoes - Ivory,ASICS,2199000,Wanita,Netral
52,Vomero 5  Boys' Play School Sneakers - Pearl Pink/Vast Grey,Nike,699500,Anak Laki-Laki,Pink
53,Shox Z Se Women's Sneakers - Particle Rose/Burgundy Crush-Phantom,Nike,2199000,Wanita,Pink
54,Rebel V5 Women's Running Shoes - Pink,NEW BALANCE,2499000,Wanita,Pink
55,Pegasus Premium Womens Sneakers - Guava Ice/Sail-Particle Pink,Nike,2309300,Wanita,Pink
56,GEL-NYC 2.0 Unisex Sneakers - Cream/Dioptase,ASICS,2399000,Pria,Abu-abu
57,GEL-KAYANO 14 Unisex Sneakers - White/Light Navy,ASICS,2399000,Pria,Putih
58,Cloudmonster Void Women's Sneakers - Dew/Ivory,ON,2400000,Wanita,Jingga
59,Samba OG Elastic I Kids' Infant Sneakers - Core Black,ADIDAS,800000,Anak - Anak,Hitam
60,530 Infant Sneakers - Grey,NEW BALANCE,999000,Anak - Anak,Abu-abu
61,Girls Kids Sneakers - White / Light Pink,NEW BALANCE,1099000,Anak Perempuan,Pink
62,Vomero 5 Boys' Grade School Sneakers - Vast Grey/Med Soft Pink-White-White,Nike,749500,Anak Laki-Laki,Abu-abu
63,CTAS Lift Bow Platform Girl's Sneakers - Black/White/Black,CONVERSE,379500,Anak Perempuan,
64,Run Star Trainer Women's Sneakers - Incensed/Sporty Berry/Gum,CONVERSE,649500,Wanita,
65,GT-2160 Unisex Sneakers - White/Soft Yellow,ASICS,1399300,Unisex,Putih
66,P-6000 Kids' Pre-School Sneakers - Black/Black,Nike,1129000,Anak Laki-Laki,Hitam
67,Nike Air Force 1 Le Boys' Grade School Basketball Shoes - White,Nike,624500,Anak - Anak,Putih
68,Air Jordan 4 Retro Kids' Pre-School Basketball Shoes - Fire Red/White-Black-Cement Grey,Nike,1199000,Anak - Anak,Merah
69,Dame X Men's Basketball Shoes - White,ADIDAS,1500000,Unisex,Putih
70,Air Jordan 4 Retro Boys' Grade School Basketball Shoes - Photon Dust/Blue Chill,Nike,1783200,Anak Laki-Laki,Abu-abu
71,327 Girls Kids Shoes - Pink,NEW BALANCE,769300,Anak Perempuan,Pink
72,Jordan 3 Retro Boys' Play School Basketball Shoes - Medium Olive/Sequoia,Nike,737400,Anak Laki-Laki,Hijau
73,Air Jordan 4 Retro Og Boys' Grade School Basketball Shoes - Cave Stone/Black-Phantom,Nike,1000000,Anak Laki-Laki,Coklat
74,A'One Ep Women'S Basketball Shoes - White/Perfect Pink-Prism Pink-Pink Ice,Nike,864500,Wanita,Putih
75,Ja 2 Ep Men's Basketball Shoes - White/White-White,Nike,800000,Pria,Putih
76,D.O.N. Issue 6 Unisex Basketball Shoes - Lucid Lemon,ADIDAS,800000,Pria,Kuning
77,Killshot 2 Boys' Grade School Sneakers - White/Black,Nike,574500,Anak Laki-Laki,Putih
78,G.T. Cut 3 Se Kids' Grade School Sneakers - Summit White/Bright Citron-Light Carbon,Nike,624500,Anak - Anak,Putih
79,x SHAI 001 Men's Sneakers - Tickled Pink/Geranium Pink,CONVERSE,2699000,Pria,Pink
80,x SHAI 001 Men's Sneakers - White/White/White,CONVERSE,2699000,Unisex,Putih
81,GT-2160 Breeze Unisex Sneakers - White/Pure Silver,ASICS,1049500,Unisex,Putih
82,Zoom Vomero 5 Men's Sneakers - Wolf Grey/White,Nike,1493400,Pria,Abu-abu
83,Reactx Rejuven8 Kids' Grade School Sandals - Ashen Slate/Ashen Slate,Nike,869000,Anak - Anak,Biru
