nama produk,merk,harga,kategori,warna
"
                    Cloud 6 Women's Sneakers - White                ","
ON
","

                                        Rp. 1.500.000                                    
",Wanita,Putih
"
                    530 Unisex Sneakers - Silver                ","
NEW BALANCE
","

                                        Rp. 1.019.400                                    
",Unisex,Abu-abu
"
                    530 Unisex Sneakers - Silver                ","
NEW BALANCE
","

                                        Rp. 1.189.300                                    
",Unisex,Abu-abu
"
                    740 Unisex Sneakers - Beige                ","
NEW BALANCE
","

                                        Rp. 949.500                                    
",Unisex,Beige
"
                    740 Unisex Sneakers - Quartz Grey/ Mosaic Green                ","
NEW BALANCE
","

                                        Rp. 949.500                                    
",Unisex,Abu-abu
"
                    V5 Rnr Boys' Play School Sneakers - White/Black-Vast Grey-College Grey                ","
Nike
","

                                        Rp. 545.400                                    
",Anak Laki-Laki,Putih
"
                    V5 RNR Women's Sneakers - Particle Pink/Pale Ivory                ","
Nike
","

                                        Rp. 1.119.200                                    
",Wanita,Pink
"
                    V5 RNR Women's Sneakers - White/White-Black                ","
Nike
","

                                        Rp. 1.119.200                                    
",Wanita,Putih
"
                    530 Bungee Boys Sneakers - Silver                ","
NEW BALANCE
","

                                    Rp. 999.000                                
",Anak Laki-Laki,Abu-abu
"
                    Samba OG Men's Sneakers - White                ","
ADIDAS
","

                                        Rp. 900.000                                    
",Pria,Putih
"
                    P-6000 Men's Sneakers - White/Black-Metallic Silver                ","
Nike
","

                                    Rp. 1.429.000                                
",Pria,Putih
"
                    Classic Unisex Clog - ATMosphere                ","
CROCS
","

                                    Rp. 999.000                                
",Unisex,Abu-abu
"
                    Nike Air Max Plus Women's Sneakers - White                ","
Nike
","

                                        Rp. 1.000.000                                    
",Wanita,Putih
"
                    Streetball EP Men's Basketball Shoes - LT WILD MANGO/FLASH LIME                ","
Nike
","

                                        Rp. 700.000                                    
",Pria,Pink
"
                    Vans Old Skool Unisex Sneakers - BLACK                ","
VANS
","

                                    Rp. 1.099.000                                
",Unisex,Hitam
"
                    Handball Spezial Kids Sneakers - Blue                ","
ADIDAS
","

                                        Rp. 450.000                                    
",Anak - Anak,Biru
"
                    SAMBA OG Kids' Pre-School Sneakers - Ftwr White                ","
ADIDAS
","

                                    Rp. 850.000                                
",Anak - Anak,Putih
"
                    GT-2160 Men's Sneakers - Gravel/Carrier Grey                ","
ASICS
","

                                        Rp. 800.000                                    
",Pria,Abu-abu
"
                    Samba Og Kids' Play School Sneakers - Ftwr White/Powder Plum/Gum5                ","
ADIDAS
","

                                        Rp. 595.000                                    
",Anak - Anak,Putih
"
                    530 Bungee Boys Kids Sneakers - Beige                ","
NEW BALANCE
","

                                        Rp. 659.400                                    
",Anak Laki-Laki,Beige
"
                    GEL-1130 Women's Sneakers - White/Midnight                ","
ASICS
","

                                        Rp. 1.019.400                                    
",Wanita,Putih
"
                    P-6000 Men's Sneakers - Black                ","
Nike
","

                                    Rp. 1.429.000                                
",Pria,Hitam
"
                    GEL-KINETIC Fluent Unisex Sneakers - White/White                ","
ASICS
","

                                        Rp. 1.959.300                                    
",Unisex,Putih
"
                    1906 Boys Kids Sneakers - Silver                ","
NEW BALANCE
","

                                        Rp. 799.500                                    
",Anak Perempuan,Abu-abu
"
                    530 Boys Sneakers - White                ","
NEW BALANCE
","

                                    Rp. 1.099.000                                
",Anak Laki-Laki,Putih
"
                    Palermo Flat Unisex Sneakers - Bronze-Haute Tropic                ","
PUMA
","

                                        Rp. 799.500                                    
",Unisex,Coklat
"
                    530 Bungee Boys Infant Sneakers - Grey                ","
NEW BALANCE
","

                                        Rp. 499.500                                    
",Anak Laki-Laki,Abu-abu
"
                    Gazelle Indoor Women's Sneakers - Pink                ","
ADIDAS
","

                                        Rp. 1.540.000                                    
",Wanita,Pink
"
                    Cloud 6 Women's Sneakers - Black                ","
ON
","

                                        Rp. 1.500.000                                    
",Wanita,Hitam
"
                    Kobe IX Low EM Kids' Grade School Sneakers - Wolf Grey/White                ","
Nike
","

                                        Rp. 995.400                                    
",Anak - Anak,Abu-abu
"
                    Gel-Cumulus 16 Unisex Sneakers - White/White                ","
ASICS
","

                                        Rp. 1.099.500                                    
",Unisex,Putih
"
                    Reactx Rejuven8 Kids' Grade School Sandals - Black/Black-Black                ","
Nike
","

                                        Rp. 695.200                                    
",Anak Laki-Laki,Hitam
"
                    Jordan Flight Court Boys' Grade School Basketball Shoes - Black/Gamma Blue                ","
Nike
","

                                        Rp. 677.400                                    
",Anak Laki-Laki,Hitam
"
                    Nike Dunk Low Women's Basketball Shoes - Photon Dust                ","
Nike
","

                                        Rp. 1.084.300                                    
",Wanita,Putih
"
                    ON Cloudmonster Women's Running Shoes - All White                ","
ON
","

                                        Rp. 2.400.000                                    
",Wanita,Putih
"
                    Ace Men Casual Shoes - White                ","
ELLESSE
","

                                        Rp. 455.400                                    
",Pria,Putih
"
                    Arthur Women Casual Shoes - Pink                ","
ELLESSE
","

                                        Rp. 455.400                                    
",Wanita,Pink
"
                    327 Boys Kids Sneakers - Black                ","
NEW BALANCE
","

                                        Rp. 599.500                                    
",Anak Laki-Laki,Hitam
"
                    Nike Air Force 1 '07 Men's Basketball Shoes - White                ","
Nike
","

                                        Rp. 1.084.300                                    
",Pria,Putih
"
                    Dunk Low Retro Men's Basketball Shoes - White                ","
Nike
","

                                        Rp. 700.000                                    
",Pria,Putih
"
                    Cloudzone Men's Sneakers - Mulberry/Black                ","
ON
","

                                        Rp. 1.560.000                                    
",Pria,Ungu
"
                    Classic Kids Clog - Pink Milk                ","
CROCS
","

                                    Rp. 759.000                                
",Anak - Anak,Pink
"
                    TOTAL 90 Men's Sandal - Black/Coconut Milk                ","
Nike
","

                                        Rp. 864.500                                    
",Pria,Hitam
"
                    740 Boys Kids Sneakers - Black                ","
NEW BALANCE
","

                                        Rp. 779.400                                    
",Anak Laki-Laki,Hitam
"
                    740 Boys Kids Sneakers - Silver                ","
NEW BALANCE
","

                                        Rp. 779.400                                    
",Anak Laki-Laki,Abu-abu
"
                    GEL-NYC 2.0 Men's Sneakers - Graphite Grey/Black                ","
ASICS
","

                                    Rp. 2.399.000                                
",Pria,Abu-abu
"
                    Cloudtilt Women's Sneakers - Her | Dew                ","
ON
","

                                    Rp. 2.800.000                                
",Wanita,Netral
"
                    Cloudtilt Men's Sneakers - Olive | Desert                ","
ON
","

                                    Rp. 2.800.000                                
",Pria,Hijau
"
                    Cloudtilt Remix Women's Sneakers - Alloy / Ivory                ","
ON
","

                                    Rp. 2.700.000                                
",Wanita,Netral
"
                    Cloudtilt Women's Sneakers - Eclipse/ Lilac                ","
ON
","

                                    Rp. 2.800.000                                
",Wanita,Abu-abu
"
                    Cloudtilt Women's Sneakers - Arctic/ Ice                ","
ON
","

                                    Rp. 2.800.000                                
",Wanita,Biru
"
                    GEL-CUMULUS 16 Unisex Lifestyle Shoes - Ivory                ","
ASICS
","

                                    Rp. 2.199.000                                
",Wanita,Netral
"
                    Vomero 5  Boys' Play School Sneakers - Pearl Pink/Vast Grey                ","
Nike
","

                                        Rp. 699.500                                    
",Anak Laki-Laki,Pink
"
                    Shox Z Se Women's Sneakers - Particle Rose/Burgundy Crush-Phantom                ","
Nike
","

                                    Rp. 2.199.000                                
",Wanita,Pink
"
                    Rebel V5 Women's Running Shoes - Pink                ","
NEW BALANCE
","

                                    Rp. 2.499.000                                
",Wanita,Pink
"
                    Pegasus Premium Womens Sneakers - Guava Ice/Sail-Particle Pink                ","
Nike
","

                                        Rp. 2.309.300                                    
",Wanita,Pink
"
                    GEL-NYC 2.0 Unisex Sneakers - Cream/Dioptase                ","
ASICS
","

                                    Rp. 2.399.000                                
",Pria,Abu-abu
"
                    GEL-KAYANO 14 Unisex Sneakers - White/Light Navy                ","
ASICS
","

                                    Rp. 2.399.000                                
",Pria,Putih
"
                    Cloudmonster Void Women's Sneakers - Dew/Ivory                ","
ON
","

                                        Rp. 2.400.000                                    
",Wanita,Jingga
"
                    Samba OG Elastic I Kids' Infant Sneakers - Core Black                ","
ADIDAS
","

                                    Rp. 800.000                                
",Anak - Anak,Hitam
"
                    530 Infant Sneakers - Grey                ","
NEW BALANCE
","

                                    Rp. 999.000                                
",Anak - Anak,Abu-abu
"
                    Girls Kids Sneakers - White / Light Pink                ","
NEW BALANCE
","

                                    Rp. 1.099.000                                
",Anak Perempuan,Pink
"
                    Vomero 5 Boys' Grade School Sneakers - Vast Grey/Med Soft Pink-White-White                ","
Nike
","

                                        Rp. 749.500                                    
",Anak Laki-Laki,Abu-abu
"
                    CTAS Lift Bow Platform Girl's Sneakers - Black/White/Black                ","
CONVERSE
","

                                        Rp. 379.500                                    
",Anak Perempuan,
"
                    Run Star Trainer Women's Sneakers - Incensed/Sporty Berry/Gum                ","
CONVERSE
","

                                        Rp. 649.500                                    
",Wanita,
"
                    GT-2160 Unisex Sneakers - White/Soft Yellow                ","
ASICS
","

                                        Rp. 1.399.300                                    
",Unisex,Putih
"
                    P-6000 Kids' Pre-School Sneakers - Black/Black                ","
Nike
","

                                    Rp. 1.129.000                                
",Anak Laki-Laki,Hitam
"
                    Nike Air Force 1 Le Boys' Grade School Basketball Shoes - White                ","
Nike
","

                                        Rp. 624.500                                    
",Anak - Anak,Putih
"
                    Air Jordan 4 Retro Kids' Pre-School Basketball Shoes - Fire Red/White-Black-Cement Grey                ","
Nike
","

                                    Rp. 1.199.000                                
",Anak - Anak,Merah
"
                    Dame X Men's Basketball Shoes - White                ","
ADIDAS
","

                                    Rp. 1.500.000                                
",Unisex,Putih
"
                    Air Jordan 4 Retro Boys' Grade School Basketball Shoes - Photon Dust/Blue Chill                ","
Nike
","

                                        Rp. 1.783.200                                    
",Anak Laki-Laki,Abu-abu
"
                    327 Girls Kids Shoes - Pink                ","
NEW BALANCE
","

                                        Rp. 769.300                                    
",Anak Perempuan,Pink
"
                    Jordan 3 Retro Boys' Play School Basketball Shoes - Medium Olive/Sequoia                ","
Nike
","

                                        Rp. 737.400                                    
",Anak Laki-Laki,Hijau
"
                    Air Jordan 4 Retro Og Boys' Grade School Basketball Shoes - Cave Stone/Black-Phantom                ","
Nike
","

                                        Rp. 1.000.000                                    
",Anak Laki-Laki,Coklat
"
                    A'One Ep Women'S Basketball Shoes - White/Perfect Pink-Prism Pink-Pink Ice                ","
Nike
","

                                        Rp. 864.500                                    
",Wanita,Putih
"
                    Ja 2 Ep Men's Basketball Shoes - White/White-White                ","
Nike
","

                                        Rp. 800.000                                    
",Pria,Putih
"
                    D.O.N. Issue 6 Unisex Basketball Shoes - Lucid Lemon                ","
ADIDAS
","

                                        Rp. 800.000                                    
",Pria,Kuning
"
                    Killshot 2 Boys' Grade School Sneakers - White/Black                ","
Nike
","

                                        Rp. 574.500                                    
",Anak Laki-Laki,Putih
"
                    G.T. Cut 3 Se Kids' Grade School Sneakers - Summit White/Bright Citron-Light Carbon                ","
Nike
","

                                        Rp. 624.500                                    
",Anak - Anak,Putih
"
                    x SHAI 001 Men's Sneakers - Tickled Pink/Geranium Pink                ","
CONVERSE
","

                                        Rp. 2.699.000                                    
",Pria,Pink
"
                    x SHAI 001 Men's Sneakers - White/White/White                ","
CONVERSE
","

                                        Rp. 2.699.000                                    
",Unisex,Putih
"
                    GT-2160 Breeze Unisex Sneakers - White/Pure Silver                ","
ASICS
","

                                        Rp. 1.049.500                                    
",Unisex,Putih
"
                    Zoom Vomero 5 Men's Sneakers - Wolf Grey/White                ","
Nike
","

                                        Rp. 1.493.400                                    
",Pria,Abu-abu
"
                    Reactx Rejuven8 Kids' Grade School Sandals - Ashen Slate/Ashen Slate                ","
Nike
","

                                    Rp. 869.000                                
",Anak - Anak,Biru
